{
    "robot_root_name": "base_link",
    "human_root_name": "Spine2",
    "ground_height": -0.0,
    "human_height_assumption": 1.8,
    "use_ik_match_table1": true,
    "use_ik_match_table2": true,
    "human_scale_table": {
        "Spine2": 0.36,

        "LeftUpLeg": 0.36,
        "RightUpLeg": 0.36,
        "LeftLeg": 0.36,
        "RightLeg": 0.36,
        "LeftFootMod": 0.32,
        "RightFootMod": 0.32,

        "LeftArm": 0.4,
        "RightArm": 0.4,
        "LeftForeArm": 0.48,
        "RightForeArm": 0.48,
        "LeftHand": 0.48,
        "RightHand": 0.48
    },

    "ik_match_table1": {
     
        "l_hip_roll_link": [
            "LeftUpLeg",
            0,
            10,
            [
                0.0,
                0.0,
                0.0
            ],
            [
                -0.5,
                0.5,
                0.5,
                -0.5
            ]
        ],
        "l_calf_link": [
            "LeftLeg",
            0,
            10,
            [
                0.0,
                0.0,
                0.0
            ],
            [
                -0.5,
                0.5,
                0.5,
                -0.5
            ]
        ],
        "l_ankle_pitch_link": [
            "LeftFootMod",
            100,
            50,
            [
                0.0,
                0.085,
                -0.04
            ],
            [
                -0.70710678,
                0.70710678,
                0.0,
                0.0
            ]
        ],
        "r_hip_roll_link": [
            "RightUpLeg",
            0,
            10,
            [
                0.0,
                0.0,
                0.0
            ],
            [
                -0.5,
                0.5,
                0.5,
                -0.5
            ]
        ],
        "r_calf_link": [
            "RightLeg",
            0,
            10,
            [
                0.0,
                0.0,
                0.0
            ],
            [
                -0.5,
                0.5,
                0.5,
                -0.5
            ]
        ],
        "r_ankle_pitch_link": [
            "RightFootMod",
            100,
            50,
            [
                0.0,
                -0.085,
                -0.04
            ],
            [
                -0.70710678,
                0.70710678,
                0.0,
                0.0
            ]
        ],
        "base_link": [
            "Spine2",
            0,
            10,
            [
                0.0,
                0.0,
                0.0
            ],
            [
                0.5,
                0.5,
                0.5,
                0.5
            ]
        ],
        "l_shoulder_roll_link": [
            "LeftArm",
            0,
            10,
            [
                0.0,
                0.0,
                0.0
            ],
            [
                0.5,
                0.5,
                -0.5,
                -0.5
            ]
        ],
        "l_elbow_link": [
            "LeftForeArm",
            0,
            10,
            [
                0.0,
                0.0,
                0.0
            ],
            [
                -0.5,
                -0.5,
                0.5,
                0.5
            ]
        ],
        "l_wrist_link": [
            "LeftHand",
            0,
            10,
            [
                0.0,
                0.0,
                0.0
            ],
            [
                -0.5,
-0.5,
0.5,
0.5
            ]
        ],
        "r_shoulder_roll_link": [
            "RightArm",
            0,
            10,
            [
                0.0,
                0.0,
                0.0
            ],
            [
                0.5,
                0.5,
                -0.5,
                -0.5
            ]
        ],
        "r_elbow_link": [
            "RightForeArm",
            0,
            10,
            [
                0.0,
                0.0,
                0.0
            ],
            [
                -0.5,
                -0.5,
                0.5,
                0.5
            ]
        ],
        "r_wrist_link": [
            "RightHand",
            0,
            10,
            [
                0.0,
                0.0,
                0.0
            ],
            [
            -0.5,
            -0.5,
            0.5,
            0.5
            ]
        ]
    },
   "ik_match_table2": {
 
        "l_hip_roll_link": [
            "LeftUpLeg",
            10,
            5,
            [
                0.0,
                0.0,
                0.0
            ],
            [
                -0.5,
                0.5,
                0.5,
                -0.5
            ]

        ],
        "l_calf_link": [
            "LeftLeg",
            10,
            5,
            [
                0.0,
                0.0,
                0.0
            ],
            [
                -0.5,
                0.5,
                0.5,
                -0.5
            ]
        ],
        "l_ankle_pitch_link": [
            "LeftFootMod",
            100,
            50,
            [
                0.0,
                0.085,
                -0.04
            ],
            [
                -0.70710678,
                0.70710678,
                0.0,
                0.0
            ]
        ],
        "r_hip_roll_link": [
            "RightUpLeg",
            10,
            5,
            [
                0.0,
                0.0,
                0.0
            ],
            [
                -0.5,
                0.5,
                0.5,
                -0.5
            ]
        ],
        "r_calf_link": [
            "RightLeg",
            10,
            5,
            [
                0.0,
                0.0,
                0.0
            ],
            [
                -0.5,
                0.5,
                0.5,
                -0.5
            ]
        ],
        "r_ankle_pitch_link": [
            "RightFootMod",
            100,
            50,
            [
                0.0,
                -0.085,
                -0.04
            ],
            [
                -0.70710678,
                0.70710678,
                0.0,
                0.0
            ]
        ],
        "base_link": [
            "Spine2",
            0,
            10,
            [
                0.0,
                0.0,
                0.0
            ],
            [
                0.5,
                0.5,
                0.5,
                0.5
            ]
        ],
        "l_shoulder_roll_link": [
            "LeftArm",
            10,
            5,
            [
                0.0,
                0.0,
                0.0
            ],
            [
                0.5,
                0.5,
                -0.5,
                -0.5
            ]
        ],
        "l_elbow_link": [
            "LeftForeArm",
            10,
            5,
            [
                0.0,
                0.0,
                0.0
            ],
            [
                -0.5,
-0.5,
0.5,
0.5
            ]
        ],
        "l_wrist_link": [
            "LeftHand",
            10,
            5,
            [
                0.0,
                0.0,
                0.0
            ],
            [
                -0.5,
-0.5,
0.5,
0.5
            ]
        ],
        "r_shoulder_roll_link": [
            "RightArm",
            10,
            5,
            [
                0.0,
                0.0,
                0.0
            ],
            [
                0.5,
                0.5,
                -0.5,
                -0.5
            ]
        ],
        "r_elbow_link": [
            "RightForeArm",
            10,
            5,
            [
                0.0,
                0.0,
                0.0
            ],
            [
                -0.5,
            -0.5,
            0.5,
            0.5
            ]
        ],
        "r_wrist_link": [
            "RightHand",
            10,
            5,
            [
                0.0,
                0.0,
                0.0
            ],
            [
                -0.5,
            -0.5,
            0.5,
            0.5
            ]
        ]
    }
} 